{
  "data" : [
    {
      "id" : "function-changeSeat",
      "type" : "function",
      "name" : "changeSeat"
    },
    {
      "id" : "function-getBoardingPass",
      "type" : "function",
      "name" : "getBoardingPass"
    },
    {
      "id" : "function-getCurrentLocation",
      "type" : "function",
      "name" : "getCurrentLocation"
    },
    {
      "id" : "function-getForecast",
      "type" : "function",
      "name" : "getForecast"
    },
    {
      "id" : "function-getPlaces",
      "type" : "function",
      "name" : "getPlaces"
    },
    {
      "id" : "function-showBookingTicket",
      "type" : "function",
      "name" : "showBookingTicket"
    },
    {
      "id" : "template-Failed to validate turn",
      "type" : "template",
      "template" : "Failed to validate turn"
    },
    {
      "id" : "template-Hi {name}, how are you?",
      "type" : "template",
      "template" : "Hi {name}, how are you?",
      "requirements" : [
        {
          "name" : "name",
          "negative" : false
        }
      ]
    },
    {
      "id" : "template-Hmm, this seat was belong to another pessenger. Could you check and tell me another one?",
      "type" : "template",
      "template" : "Hmm, this seat was belong to another pessenger. Could you check and tell me another one?"
    },
    {
      "id" : "template-Hmm, your seat is not exist. Could you check and tell me another one?",
      "type" : "template",
      "template" : "Hmm, your seat is not exist. Could you check and tell me another one?"
    },
    {
      "id" : "template-I found somethings for you!",
      "type" : "template",
      "template" : "I found somethings for you!"
    },
    {
      "id" : "template-I found that you have no booking available or you haven't checked in yet. So, I can not help you to change a seat. Sorry.",
      "type" : "template",
      "template" : "I found that you have no booking available or you haven't checked in yet. So, I can not help you to change a seat. Sorry."
    },
    {
      "id" : "template-I have found somethings for you.",
      "type" : "template",
      "template" : "I have found somethings for you."
    },
    {
      "id" : "template-I have found that you have no booking available or you haven't checked in yet. So, I can not help you to change a seat. Sorry.",
      "type" : "template",
      "template" : "I have found that you have no booking available or you haven't checked in yet. So, I can not help you to change a seat. Sorry."
    },
    {
      "id" : "template-It is sunny day in there",
      "type" : "template",
      "template" : "It is sunny day in there"
    },
    {
      "id" : "template-It seem to be a bit of confusion, I could not find any valid boarding pass for you currently. I am sorry about inconvinient.",
      "type" : "template",
      "template" : "It seem to be a bit of confusion, I could not find any valid boarding pass for you currently. I am sorry about inconvinient."
    },
    {
      "id" : "template-Oh, I am so sorry!",
      "type" : "template",
      "template" : "Oh, I am so sorry!"
    },
    {
      "id" : "template-Ok. When do you want to fly out?",
      "type" : "template",
      "template" : "Ok. When do you want to fly out?"
    },
    {
      "id" : "template-Sure, your seat has been changed",
      "type" : "template",
      "template" : "Sure, your seat has been changed"
    },
    {
      "id" : "template-The weather will be {forecast}",
      "type" : "template",
      "template" : "The weather will be {forecast}",
      "requirements" : [
        {
          "name" : "forecast",
          "negative" : false
        }
      ]
    },
    {
      "id" : "template-What do you want to search (hotel, restaurant, etc.)?",
      "type" : "template",
      "template" : "What do you want to search (hotel, restaurant, etc.)?"
    },
    {
      "id" : "template-What is your destination?",
      "type" : "template",
      "template" : "What is your destination?"
    },
    {
      "id" : "template-What seat number do you want to change to?",
      "type" : "template",
      "template" : "What seat number do you want to change to?"
    },
    {
      "id" : "template-When do you fly back to {fromLocation}",
      "type" : "template",
      "template" : "When do you fly back to {fromLocation}",
      "requirements" : [
        {
          "name" : "fromLocation",
          "negative" : false
        }
      ]
    },
    {
      "id" : "template-When do you fly back to {fromLocation}?",
      "type" : "template",
      "template" : "When do you fly back to {fromLocation}?",
      "requirements" : [
        {
          "name" : "fromLocation",
          "negative" : false
        }
      ],
      "quickreplies" : [
        "One-way flight",
        "Tomorrow"
      ]
    },
    {
      "id" : "template-When do you want to fly back to",
      "type" : "template",
      "template" : "When do you want to fly back to"
    },
    {
      "id" : "template-When do you want to fly back to {}",
      "type" : "template",
      "template" : "When do you want to fly back to {}"
    },
    {
      "id" : "template-When do you want to fly?",
      "type" : "template",
      "template" : "When do you want to fly?"
    },
    {
      "id" : "template-When?",
      "type" : "template",
      "template" : "When?"
    },
    {
      "id" : "template-Where do you want to find?",
      "type" : "template",
      "template" : "Where do you want to find?"
    },
    {
      "id" : "template-Where do you want to fly from?",
      "type" : "template",
      "template" : "Where do you want to fly from?"
    },
    {
      "id" : "template-Where do you want to fly to?",
      "type" : "template",
      "template" : "Where do you want to fly to?"
    },
    {
      "id" : "template-Where?",
      "type" : "template",
      "template" : "Where?"
    },
    {
      "id" : "template-You already booked this flight. ",
      "type" : "template",
      "template" : "You already booked this flight. "
    },
    {
      "id" : "template-nothing",
      "type" : "template",
      "template" : "nothing"
    },
    {
      "id" : "template-null",
      "type" : "template",
      "template" : "null"
    }
  ]
}