{
  "data" : [
    {
      "text" : "-87.2488772",
      "entities" : [
        {
          "entity" : "number",
          "value" : "-87.2488772",
          "start" : 0,
          "end" : 11
        }
      ]
    },
    {
      "text" : "102.78787234",
      "entities" : [
        {
          "entity" : "number",
          "value" : "102.78787234",
          "start" : 0,
          "end" : 12
        }
      ]
    },
    {
      "text" : "10C",
      "entities" : [
        {
          "entity" : "seat_number",
          "value" : "\"10C\"",
          "start" : 0,
          "end" : 3
        }
      ]
    },
    {
      "text" : "10E",
      "entities" : [
        {
          "entity" : "seat_number",
          "value" : "\"10E\"",
          "start" : 0,
          "end" : 3
        }
      ]
    },
    {
      "text" : "12C",
      "entities" : [
        {
          "entity" : "seat_number",
          "value" : "\"12C\"",
          "start" : 0,
          "end" : 3
        }
      ]
    },
    {
      "text" : "15A",
      "entities" : [
        {
          "entity" : "seat_number",
          "value" : "\"15A\"",
          "start" : 0,
          "end" : 3
        }
      ]
    },
    {
      "text" : "15G",
      "entities" : [
        {
          "entity" : "seat_number",
          "value" : "\"15G\"",
          "start" : 0,
          "end" : 3
        }
      ]
    },
    {
      "text" : "18.12412545",
      "entities" : [
        {
          "entity" : "number",
          "value" : "18.12412545",
          "start" : 0,
          "end" : 11
        }
      ]
    },
    {
      "text" : "2016-01-08",
      "entities" : [
        {
          "entity" : "datetime",
          "value" : "\"2016-01-08T00:00:00.000+07:00\"",
          "start" : 0,
          "end" : 10
        }
      ]
    },
    {
      "text" : "5A",
      "entities" : [
        {
          "entity" : "seat_number",
          "value" : "\"5A\"",
          "start" : 0,
          "end" : 2
        }
      ]
    },
    {
      "text" : "5F",
      "entities" : [
        {
          "entity" : "seat_number",
          "value" : "\"5F\"",
          "start" : 0,
          "end" : 2
        }
      ]
    },
    {
      "text" : "7D",
      "entities" : [
        {
          "entity" : "seat_number",
          "value" : "\"7D\"",
          "start" : 0,
          "end" : 2
        }
      ]
    },
    {
      "text" : "98.3258758",
      "entities" : [
        {
          "entity" : "number",
          "value" : "98.32587583",
          "start" : 0,
          "end" : 10
        }
      ]
    },
    {
      "text" : "9C",
      "entities" : [
        {
          "entity" : "seat_number",
          "value" : "\"9C\"",
          "start" : 0,
          "end" : 2
        }
      ]
    },
    {
      "text" : "Booking flight",
      "entities" : [
        {
          "entity" : "intent",
          "value" : "\"booking\""
        }
      ]
    },
    {
      "text" : "Can I change my seat to 5D",
      "entities" : [
        {
          "entity" : "seat_number",
          "value" : "\"5D\"",
          "start" : 24,
          "end" : 26
        }
      ]
    },
    {
      "text" : "Can I change my seat to 5E",
      "entities" : [
        {
          "entity" : "seat_number",
          "value" : "\"5E\"",
          "start" : 24,
          "end" : 26
        }
      ]
    },
    {
      "text" : "Can I change my seat to 9E",
      "entities" : [
        {
          "entity" : "intent",
          "value" : "\"seat\""
        },
        {
          "entity" : "seat_number",
          "value" : "\"9E\"",
          "start" : 24,
          "end" : 26
        }
      ]
    },
    {
      "text" : "Can you change my seat to 10 B?",
      "entities" : [
        {
          "entity" : "seat_number",
          "value" : "\"10 B\"",
          "start" : 26,
          "end" : 30
        }
      ]
    },
    {
      "text" : "Can you change my seat to 10B?",
      "entities" : [
        {
          "entity" : "seat_number",
          "value" : "\"10B\"",
          "start" : 26,
          "end" : 29
        }
      ]
    },
    {
      "text" : "Can you change my seat to 10C",
      "entities" : [
        {
          "entity" : "seat_number",
          "value" : "\"10C\"",
          "start" : 26,
          "end" : 29
        }
      ]
    },
    {
      "text" : "Can you change my seat to 13A?",
      "entities" : [
        {
          "entity" : "seat_number",
          "value" : "\"13A\"",
          "start" : 26,
          "end" : 29
        }
      ]
    },
    {
      "text" : "Can you change my seat to 13B",
      "entities" : [
        {
          "entity" : "intent",
          "value" : "\"seat\""
        },
        {
          "entity" : "seat_number",
          "value" : "\"13B\"",
          "start" : 26,
          "end" : 29
        }
      ]
    },
    {
      "text" : "Can you change my seat to 13F",
      "entities" : [
        {
          "entity" : "seat_number",
          "value" : "\"13F\"",
          "start" : 26,
          "end" : 29
        }
      ]
    },
    {
      "text" : "Can you change my seat to 15B?",
      "entities" : [
        {
          "entity" : "seat_number",
          "value" : "\"15B\"",
          "start" : 26,
          "end" : 29
        }
      ]
    },
    {
      "text" : "Can you change my seat to 15C",
      "entities" : [
        {
          "entity" : "seat_number",
          "value" : "\"15C\"",
          "start" : 26,
          "end" : 29
        }
      ]
    },
    {
      "text" : "Can you change my seat to 15F",
      "entities" : [
        {
          "entity" : "seat_number",
          "value" : "\"15F\"",
          "start" : 26,
          "end" : 29
        }
      ]
    },
    {
      "text" : "Can you change my seat to 15F?",
      "entities" : [
        {
          "entity" : "seat_number",
          "value" : "\"15F\"",
          "start" : 26,
          "end" : 29
        }
      ]
    },
    {
      "text" : "Can you change my seat to 15G",
      "entities" : [
        {
          "entity" : "seat_number",
          "value" : "\"15G\"",
          "start" : 26,
          "end" : 29
        }
      ]
    },
    {
      "text" : "Can you change my seat to 20B",
      "entities" : [
        {
          "entity" : "seat_number",
          "value" : "\"20B\"",
          "start" : 26,
          "end" : 29
        }
      ]
    },
    {
      "text" : "Can you change my seat to 29A",
      "entities" : [
        {
          "entity" : "seat_number",
          "value" : "\"29A\"",
          "start" : 26,
          "end" : 29
        }
      ]
    },
    {
      "text" : "Can you change my seat to 3B",
      "entities" : [
        {
          "entity" : "seat_number",
          "value" : "\"3B\"",
          "start" : 26,
          "end" : 28
        }
      ]
    },
    {
      "text" : "Can you change my seat to 3C",
      "entities" : [
        {
          "entity" : "seat_number",
          "value" : "\"3C\"",
          "start" : 26,
          "end" : 28
        }
      ]
    },
    {
      "text" : "Can you change my seat to 3D",
      "entities" : [
        {
          "entity" : "seat_number",
          "value" : "\"3D\"",
          "start" : 26,
          "end" : 28
        }
      ]
    },
    {
      "text" : "Can you change my seat to 5A",
      "entities" : [
        {
          "entity" : "seat_number",
          "value" : "\"5A\"",
          "start" : 26,
          "end" : 28
        }
      ]
    },
    {
      "text" : "Can you change my seat to 5B",
      "entities" : [
        {
          "entity" : "seat_number",
          "value" : "\"5B\"",
          "start" : 26,
          "end" : 28
        }
      ]
    },
    {
      "text" : "Can you change my seat to 5C",
      "entities" : [
        {
          "entity" : "seat_number",
          "value" : "\"5C\"",
          "start" : 26,
          "end" : 28
        }
      ]
    },
    {
      "text" : "Can you change my seat to 9C",
      "entities" : [
        {
          "entity" : "seat_number",
          "value" : "\"9C\"",
          "start" : 26,
          "end" : 28
        }
      ]
    },
    {
      "text" : "Can you change my seat to 9D",
      "entities" : [
        {
          "entity" : "seat_number",
          "value" : "\"9D\"",
          "start" : 26,
          "end" : 28
        }
      ]
    },
    {
      "text" : "Can you change my seat to 9E",
      "entities" : [
        {
          "entity" : "seat_number",
          "value" : "\"9E\"",
          "start" : 26,
          "end" : 28
        }
      ]
    },
    {
      "text" : "Can you change my seat to A15",
      "entities" : [
        {
          "entity" : "seat_number",
          "value" : "\"A15\"",
          "start" : 26,
          "end" : 29
        }
      ]
    },
    {
      "text" : "Change my seat to 10A",
      "entities" : [
        {
          "entity" : "seat_number",
          "value" : "\"10A\"",
          "start" : 18,
          "end" : 21
        }
      ]
    },
    {
      "text" : "Could I change my seat?"
    },
    {
      "text" : "Could I change the seat to other?"
    },
    {
      "text" : "Could you change my seat to 11C",
      "entities" : [
        {
          "entity" : "seat_number",
          "value" : "\"11C\"",
          "start" : 28,
          "end" : 31
        }
      ]
    },
    {
      "text" : "Could you find me some restaurant in Hanoi",
      "entities" : [
        {
          "entity" : "intent",
          "value" : "\"find places\""
        },
        {
          "entity" : "local_search_query",
          "value" : "\"restaurant\"",
          "start" : 23,
          "end" : 33
        },
        {
          "entity" : "location",
          "value" : "\"Hanoi\"",
          "start" : 37,
          "end" : 42
        }
      ]
    },
    {
      "text" : "Could you find me the hotel in Hanoi",
      "entities" : [
        {
          "entity" : "intent",
          "value" : "\"find places\""
        },
        {
          "entity" : "local_search_query",
          "value" : "\"hotel\"",
          "start" : 22,
          "end" : 27
        },
        {
          "entity" : "location",
          "value" : "\"Hanoi\"",
          "start" : 31,
          "end" : 36
        }
      ]
    },
    {
      "text" : "Could you find the hotels",
      "entities" : [
        {
          "entity" : "intent",
          "value" : "\"find places\""
        },
        {
          "entity" : "local_search_query",
          "value" : "\"hotels\"",
          "start" : 19,
          "end" : 25
        }
      ]
    },
    {
      "text" : "Could you find the hotels near me",
      "entities" : [
        {
          "entity" : "intent",
          "value" : "\"find places\""
        },
        {
          "entity" : "local_search_query",
          "value" : "\"the hotels\"",
          "start" : 15,
          "end" : 25
        },
        {
          "entity" : "local_search_query",
          "value" : "\"near me\"",
          "start" : 26,
          "end" : 33
        }
      ]
    },
    {
      "text" : "Could you help me change my seat to 10B",
      "entities" : [
        {
          "entity" : "seat_number",
          "value" : "\"10B\"",
          "start" : 36,
          "end" : 39
        }
      ]
    },
    {
      "text" : "Dec 25",
      "entities" : [
        {
          "entity" : "datetime",
          "value" : "\"2016-12-25T00:00:00.000+07:00\"",
          "start" : 0,
          "end" : 6
        }
      ]
    },
    {
      "text" : "Greg\nI want to book flight from Hanoi to Ho Chi Minh tomorrow",
      "entities" : [
        {
          "entity" : "intent",
          "value" : "\"booking\""
        },
        {
          "entity" : "location",
          "value" : "\"Hanoi\"",
          "start" : 32,
          "end" : 37
        },
        {
          "entity" : "location",
          "value" : "\"Ho Chi Minh\"",
          "start" : 41,
          "end" : 52
        },
        {
          "entity" : "datetime",
          "value" : "\"2017-01-12T00:00:00.000+07:00\"",
          "start" : 53,
          "end" : 61
        }
      ]
    },
    {
      "text" : "Ha noi",
      "entities" : [
        {
          "entity" : "location",
          "value" : "\"Ha noi\"",
          "start" : 0,
          "end" : 6
        }
      ]
    },
    {
      "text" : "Hanoi",
      "entities" : [
        {
          "entity" : "location",
          "value" : "\"Hanoi\"",
          "start" : 0,
          "end" : 5
        }
      ]
    },
    {
      "text" : "Hello",
      "entities" : [
        {
          "entity" : "intent",
          "value" : "\"greetings\""
        }
      ]
    },
    {
      "text" : "Hi",
      "entities" : [
        {
          "entity" : "intent",
          "value" : "\"greetings\""
        }
      ]
    },
    {
      "text" : "Hi Johnny",
      "entities" : [
        {
          "entity" : "intent",
          "value" : "\"greetings\""
        }
      ]
    },
    {
      "text" : "Hi there"
    },
    {
      "text" : "Ho Chi Minh",
      "entities" : [
        {
          "entity" : "location",
          "value" : "\"Ho Chi Minh\"",
          "start" : 0,
          "end" : 11
        }
      ]
    },
    {
      "text" : "How about the weather?",
      "entities" : [
        {
          "entity" : "intent",
          "value" : "\"weather\""
        }
      ]
    },
    {
      "text" : "How are you?"
    },
    {
      "text" : "How is the weather in Laos",
      "entities" : [
        {
          "entity" : "intent",
          "value" : "\"weather\""
        },
        {
          "entity" : "location",
          "value" : "\"Laos\"",
          "start" : 22,
          "end" : 26
        }
      ]
    },
    {
      "text" : "How's the weather",
      "entities" : [
        {
          "entity" : "intent",
          "value" : "\"weather\""
        }
      ]
    },
    {
      "text" : "I am looking for a booking a flight to Singapore",
      "entities" : [
        {
          "entity" : "intent",
          "value" : "\"booking\""
        },
        {
          "entity" : "location",
          "value" : "\"Singapore\"",
          "start" : 39,
          "end" : 48
        }
      ]
    },
    {
      "text" : "I am looking for a booking a flight to Singapore from Hanoi tomorrow",
      "entities" : [
        {
          "entity" : "intent",
          "value" : "\"booking\""
        },
        {
          "entity" : "location",
          "value" : "\"Singapore\"",
          "start" : 39,
          "end" : 48
        },
        {
          "entity" : "location",
          "value" : "\"Hanoi\"",
          "start" : 54,
          "end" : 59
        },
        {
          "entity" : "datetime",
          "value" : "\"2016-12-21T00:00:00.000+07:00\"",
          "start" : 60,
          "end" : 68
        }
      ]
    },
    {
      "text" : "I am looking for a flight to Singapore from Hanoi tomorrow",
      "entities" : [
        {
          "entity" : "intent",
          "value" : "\"booking\""
        },
        {
          "entity" : "location",
          "value" : "\"Singapore\"",
          "start" : 29,
          "end" : 38
        },
        {
          "entity" : "location",
          "value" : "\"Hanoi\"",
          "start" : 44,
          "end" : 49
        },
        {
          "entity" : "datetime",
          "value" : "\"2016-12-21T00:00:00.000+07:00\"",
          "start" : 50,
          "end" : 58
        }
      ]
    },
    {
      "text" : "I am looking for book flight from Hanoi to Ho Chi Minh",
      "entities" : [
        {
          "entity" : "intent",
          "value" : "\"booking\""
        },
        {
          "entity" : "location",
          "value" : "\"Hanoi\"",
          "start" : 34,
          "end" : 39
        },
        {
          "entity" : "location",
          "value" : "\"Ho Chi Minh\"",
          "start" : 43,
          "end" : 54
        }
      ]
    },
    {
      "text" : "I am looking for book flight from Hanoi to Ho Chi Minh today",
      "entities" : [
        {
          "entity" : "intent",
          "value" : "\"booking\""
        },
        {
          "entity" : "location",
          "value" : "\"Hanoi\"",
          "start" : 34,
          "end" : 39
        },
        {
          "entity" : "location",
          "value" : "\"Ho Chi Minh\"",
          "start" : 43,
          "end" : 54
        },
        {
          "entity" : "datetime",
          "value" : "\"2017-01-02T00:00:00.000+07:00\"",
          "start" : 55,
          "end" : 60
        }
      ]
    },
    {
      "text" : "I am looking for book flight from Hanoi to Ho Chi Minh tomorrow",
      "entities" : [
        {
          "entity" : "intent",
          "value" : "\"booking\""
        },
        {
          "entity" : "location",
          "value" : "\"Hanoi\"",
          "start" : 34,
          "end" : 39
        },
        {
          "entity" : "location",
          "value" : "\"Ho Chi Minh\"",
          "start" : 43,
          "end" : 54
        },
        {
          "entity" : "datetime",
          "value" : "\"2017-01-03T00:00:00.000+07:00\"",
          "start" : 55,
          "end" : 63
        }
      ]
    },
    {
      "text" : "I am looking for book flight today",
      "entities" : [
        {
          "entity" : "intent",
          "value" : "\"booking\""
        },
        {
          "entity" : "local_search_query",
          "value" : "\"book flight\"",
          "start" : 17,
          "end" : 28
        },
        {
          "entity" : "datetime",
          "value" : "\"2017-01-10T00:00:00.000+07:00\"",
          "start" : 29,
          "end" : 34
        }
      ]
    },
    {
      "text" : "I am looking for book ticket from Hanoi to Ho Chi Minh today",
      "entities" : [
        {
          "entity" : "intent",
          "value" : "\"booking\""
        },
        {
          "entity" : "location",
          "value" : "\"Hanoi\"",
          "start" : 34,
          "end" : 39
        },
        {
          "entity" : "location",
          "value" : "\"Ho Chi Minh\"",
          "start" : 43,
          "end" : 54
        },
        {
          "entity" : "datetime",
          "value" : "\"2017-01-02T00:00:00.000+07:00\"",
          "start" : 55,
          "end" : 60
        }
      ]
    },
    {
      "text" : "I am looking for booking a ticket",
      "entities" : [
        {
          "entity" : "intent",
          "value" : "\"booking\""
        }
      ]
    },
    {
      "text" : "I am looking for booking a ticket to Singapore",
      "entities" : [
        {
          "entity" : "intent",
          "value" : "\"booking\""
        },
        {
          "entity" : "location",
          "value" : "\"Singapore\"",
          "start" : 37,
          "end" : 46
        }
      ]
    },
    {
      "text" : "I am looking for booking a ticket to Singapore tomorrow",
      "entities" : [
        {
          "entity" : "intent",
          "value" : "\"booking\""
        },
        {
          "entity" : "location",
          "value" : "\"Singapore\"",
          "start" : 37,
          "end" : 46
        },
        {
          "entity" : "datetime",
          "value" : "\"2016-12-31T00:00:00.000+07:00\"",
          "start" : 47,
          "end" : 55
        }
      ]
    },
    {
      "text" : "I am looking for booking flight from Da Nang to Ho Chi Minh tomorrow",
      "entities" : [
        {
          "entity" : "intent",
          "value" : "\"booking\""
        },
        {
          "entity" : "location",
          "value" : "\"Da Nang\"",
          "start" : 37,
          "end" : 44
        },
        {
          "entity" : "location",
          "value" : "\"Ho Chi Minh\"",
          "start" : 48,
          "end" : 59
        },
        {
          "entity" : "datetime",
          "value" : "\"2016-12-30T00:00:00.000+07:00\"",
          "start" : 60,
          "end" : 68
        }
      ]
    },
    {
      "text" : "I am looking for booking flight from Hanoi to Ho Chi Minh",
      "entities" : [
        {
          "entity" : "intent",
          "value" : "\"booking\""
        },
        {
          "entity" : "location",
          "value" : "\"Hanoi\"",
          "start" : 37,
          "end" : 42
        },
        {
          "entity" : "location",
          "value" : "\"Ho Chi Minh\"",
          "start" : 46,
          "end" : 57
        }
      ]
    },
    {
      "text" : "I am looking for booking flight from Hanoi to Ho Chi Minh t\boday",
      "entities" : [
        {
          "entity" : "intent",
          "value" : "\"booking\""
        },
        {
          "entity" : "location",
          "value" : "\"Hanoi\"",
          "start" : 37,
          "end" : 42
        },
        {
          "entity" : "location",
          "value" : "\"Ho Chi Minh\"",
          "start" : 46,
          "end" : 57
        },
        {
          "entity" : "datetime",
          "value" : "\"t\\boday\"",
          "start" : 58,
          "end" : 64
        }
      ]
    },
    {
      "text" : "I am looking for booking flight from Hanoi to Ho Chi Minh t\bomorrow",
      "entities" : [
        {
          "entity" : "intent",
          "value" : "\"booking\""
        },
        {
          "entity" : "location",
          "value" : "\"Hanoi\"",
          "start" : 37,
          "end" : 42
        },
        {
          "entity" : "location",
          "value" : "\"Ho Chi Minh\"",
          "start" : 46,
          "end" : 57
        },
        {
          "entity" : "datetime",
          "value" : "\"t\\bomorrow\"",
          "start" : 58,
          "end" : 67
        }
      ]
    },
    {
      "text" : "I am looking for booking flight from Hanoi to Ho Chi Minh today",
      "entities" : [
        {
          "entity" : "intent",
          "value" : "\"booking\""
        },
        {
          "entity" : "location",
          "value" : "\"Hanoi\"",
          "start" : 37,
          "end" : 42
        },
        {
          "entity" : "location",
          "value" : "\"Ho Chi Minh\"",
          "start" : 46,
          "end" : 57
        },
        {
          "entity" : "datetime",
          "value" : "\"2016-12-29T00:00:00.000+07:00\"",
          "start" : 58,
          "end" : 63
        }
      ]
    },
    {
      "text" : "I am looking for booking flight from Hanoi to Ho Chi Minh tomorrow",
      "entities" : [
        {
          "entity" : "intent",
          "value" : "\"booking\""
        },
        {
          "entity" : "location",
          "value" : "\"Hanoi\"",
          "start" : 37,
          "end" : 42
        },
        {
          "entity" : "location",
          "value" : "\"Ho Chi Minh\"",
          "start" : 46,
          "end" : 57
        },
        {
          "entity" : "datetime",
          "value" : "\"2017-01-02T00:00:00.000+07:00\"",
          "start" : 58,
          "end" : 66
        }
      ]
    },
    {
      "text" : "I am looking for booking the flight from Hanoi to Ho Chi Minh today",
      "entities" : [
        {
          "entity" : "intent",
          "value" : "\"booking\""
        },
        {
          "entity" : "location",
          "value" : "\"Hanoi\"",
          "start" : 41,
          "end" : 46
        },
        {
          "entity" : "location",
          "value" : "\"Ho Chi Minh\"",
          "start" : 50,
          "end" : 61
        },
        {
          "entity" : "datetime",
          "value" : "\"2017-01-02T00:00:00.000+07:00\"",
          "start" : 62,
          "end" : 67
        }
      ]
    },
    {
      "text" : "I am looking for booking the flight to Ho Chi Minh from Hanoi today",
      "entities" : [
        {
          "entity" : "intent",
          "value" : "\"booking\""
        },
        {
          "entity" : "location",
          "value" : "\"Ho Chi Minh\"",
          "start" : 39,
          "end" : 50
        },
        {
          "entity" : "location",
          "value" : "\"Hanoi\"",
          "start" : 56,
          "end" : 61
        },
        {
          "entity" : "datetime",
          "value" : "\"2017-01-02T00:00:00.000+07:00\"",
          "start" : 62,
          "end" : 67
        }
      ]
    },
    {
      "text" : "I am looking for booking the flight to Ho Chi Minh from Hanoi tomorrow",
      "entities" : [
        {
          "entity" : "intent",
          "value" : "\"booking\""
        },
        {
          "entity" : "location",
          "value" : "\"Ho Chi Minh\"",
          "start" : 39,
          "end" : 50
        },
        {
          "entity" : "location",
          "value" : "\"Hanoi\"",
          "start" : 56,
          "end" : 61
        },
        {
          "entity" : "datetime",
          "value" : "\"2017-01-03T00:00:00.000+07:00\"",
          "start" : 62,
          "end" : 70
        }
      ]
    },
    {
      "text" : "I am looking for booking ticket to Singapore",
      "entities" : [
        {
          "entity" : "intent",
          "value" : "\"booking\""
        },
        {
          "entity" : "location",
          "value" : "\"Singapore\"",
          "start" : 35,
          "end" : 44
        }
      ]
    },
    {
      "text" : "I don't like my seat"
    },
    {
      "text" : "I don't like this my seat"
    },
    {
      "text" : "I need to find the hotel near Cau Giay street",
      "entities" : [
        {
          "entity" : "intent",
          "value" : "\"find places\""
        },
        {
          "entity" : "local_search_query",
          "value" : "\"hotel\"",
          "start" : 19,
          "end" : 24
        },
        {
          "entity" : "location",
          "value" : "\"Cau Giay street\"",
          "start" : 30,
          "end" : 45
        }
      ]
    },
    {
      "text" : "I need to find the restaurant now",
      "entities" : [
        {
          "entity" : "intent",
          "value" : "\"find places\""
        },
        {
          "entity" : "local_search_query",
          "value" : "\"restaurant\"",
          "start" : 19,
          "end" : 29
        },
        {
          "entity" : "datetime",
          "value" : "\"2016-12-31T20:48:05.000+07:00\"",
          "start" : 30,
          "end" : 33
        }
      ]
    },
    {
      "text" : "I want to book flight from Hanoi to Ho Chi Minh 2016/01/11",
      "entities" : [
        {
          "entity" : "intent",
          "value" : "\"booking\""
        },
        {
          "entity" : "location",
          "value" : "\"Hanoi\"",
          "start" : 27,
          "end" : 32
        },
        {
          "entity" : "location",
          "value" : "\"Ho Chi Minh\"",
          "start" : 36,
          "end" : 47
        }
      ]
    },
    {
      "text" : "I want to book flight from Hanoi to Ho Chi Minh at Jan 11",
      "entities" : [
        {
          "entity" : "intent",
          "value" : "\"booking\""
        },
        {
          "entity" : "location",
          "value" : "\"Hanoi\"",
          "start" : 27,
          "end" : 32
        },
        {
          "entity" : "location",
          "value" : "\"Ho Chi Minh\"",
          "start" : 36,
          "end" : 47
        },
        {
          "entity" : "datetime",
          "value" : "\"2017-01-11T00:00:00.000+07:00\"",
          "start" : 51,
          "end" : 57
        }
      ]
    },
    {
      "text" : "I want to book flight from Hanoi to Ho Chi Minh tomorrow",
      "entities" : [
        {
          "entity" : "intent",
          "value" : "\"booking\""
        },
        {
          "entity" : "location",
          "value" : "\"Hanoi\"",
          "start" : 27,
          "end" : 32
        },
        {
          "entity" : "location",
          "value" : "\"Ho Chi Minh\"",
          "start" : 36,
          "end" : 47
        },
        {
          "entity" : "datetime",
          "value" : "\"2017-01-12T00:00:00.000+07:00\"",
          "start" : 48,
          "end" : 56
        }
      ]
    },
    {
      "text" : "I want to book the flight from Hanoi to Ho Chi Minh",
      "entities" : [
        {
          "entity" : "intent",
          "value" : "\"booking\""
        },
        {
          "entity" : "location",
          "value" : "\"Hanoi\"",
          "start" : 31,
          "end" : 36
        },
        {
          "entity" : "location",
          "value" : "\"Ho Chi Minh\"",
          "start" : 40,
          "end" : 51
        }
      ]
    },
    {
      "text" : "I want to book the flight from Hanoi to Ho Chi Minh today",
      "entities" : [
        {
          "entity" : "intent",
          "value" : "\"booking\""
        },
        {
          "entity" : "location",
          "value" : "\"Hanoi\"",
          "start" : 31,
          "end" : 36
        },
        {
          "entity" : "location",
          "value" : "\"Ho Chi Minh\"",
          "start" : 40,
          "end" : 51
        },
        {
          "entity" : "datetime",
          "value" : "\"2017-01-10T00:00:00.000+07:00\"",
          "start" : 52,
          "end" : 57
        }
      ]
    },
    {
      "text" : "I want to book the flight from Hanoi to Ho Chi Minh tomorrow",
      "entities" : [
        {
          "entity" : "intent",
          "value" : "\"booking\""
        },
        {
          "entity" : "location",
          "value" : "\"Hanoi\"",
          "start" : 31,
          "end" : 36
        },
        {
          "entity" : "location",
          "value" : "\"Ho Chi Minh\"",
          "start" : 40,
          "end" : 51
        },
        {
          "entity" : "datetime",
          "value" : "\"2017-01-04T00:00:00.000+07:00\"",
          "start" : 52,
          "end" : 60
        }
      ]
    },
    {
      "text" : "I want to book the flight from Hanoi to HoChiMinh today",
      "entities" : [
        {
          "entity" : "intent",
          "value" : "\"booking\""
        },
        {
          "entity" : "location",
          "value" : "\"Hanoi\"",
          "start" : 31,
          "end" : 36
        },
        {
          "entity" : "location",
          "value" : "\"HoChiMinh\"",
          "start" : 40,
          "end" : 49
        },
        {
          "entity" : "datetime",
          "value" : "\"2017-01-10T00:00:00.000+07:00\"",
          "start" : 50,
          "end" : 55
        }
      ]
    },
    {
      "text" : "I want to book the flight from Paris to London tomorrow",
      "entities" : [
        {
          "entity" : "intent",
          "value" : "\"booking\""
        },
        {
          "entity" : "location",
          "value" : "\"Paris\"",
          "start" : 31,
          "end" : 36
        },
        {
          "entity" : "location",
          "value" : "\"London\"",
          "start" : 40,
          "end" : 46
        },
        {
          "entity" : "datetime",
          "value" : "\"2017-01-12T00:00:00.000+07:00\"",
          "start" : 47,
          "end" : 55
        }
      ]
    },
    {
      "text" : "I want to book the flight to Ho Chi Minh",
      "entities" : [
        {
          "entity" : "intent",
          "value" : "\"booking\""
        },
        {
          "entity" : "location",
          "value" : "\"Ho Chi Minh\"",
          "start" : 29,
          "end" : 40
        }
      ]
    },
    {
      "text" : "I want to book the flight to Ho Chi Minh from Hanoi today",
      "entities" : [
        {
          "entity" : "intent",
          "value" : "\"booking\""
        },
        {
          "entity" : "location",
          "value" : "\"Ho Chi Minh\"",
          "start" : 29,
          "end" : 40
        },
        {
          "entity" : "location",
          "value" : "\"Hanoi\"",
          "start" : 46,
          "end" : 51
        },
        {
          "entity" : "datetime",
          "value" : "\"2017-01-02T00:00:00.000+07:00\"",
          "start" : 52,
          "end" : 57
        }
      ]
    },
    {
      "text" : "I want to booking",
      "entities" : [
        {
          "entity" : "intent",
          "value" : "\"booking\""
        }
      ]
    },
    {
      "text" : "I want to booking a flight to Ho Chi Minh",
      "entities" : [
        {
          "entity" : "intent",
          "value" : "\"booking\""
        },
        {
          "entity" : "location",
          "value" : "\"Ho Chi Minh\"",
          "start" : 30,
          "end" : 41
        }
      ]
    },
    {
      "text" : "I want to booking a fly from Hanoi to Ho Chi Minh tomorrow",
      "entities" : [
        {
          "entity" : "intent",
          "value" : "\"booking\""
        },
        {
          "entity" : "location",
          "value" : "\"Hanoi\"",
          "start" : 29,
          "end" : 34
        },
        {
          "entity" : "location",
          "value" : "\"Ho Chi Minh\"",
          "start" : 38,
          "end" : 49
        },
        {
          "entity" : "datetime",
          "value" : "\"2017-01-02T00:00:00.000+07:00\"",
          "start" : 50,
          "end" : 58
        }
      ]
    },
    {
      "text" : "I want to booking a fly from Hanoi to HoChiMinh tomorrow",
      "entities" : [
        {
          "entity" : "intent",
          "value" : "\"booking\""
        },
        {
          "entity" : "location",
          "value" : "\"Hanoi\"",
          "start" : 29,
          "end" : 34
        },
        {
          "entity" : "location",
          "value" : "\"HoChiMinh\"",
          "start" : 38,
          "end" : 47
        },
        {
          "entity" : "datetime",
          "value" : "\"2017-01-02T00:00:00.000+07:00\"",
          "start" : 48,
          "end" : 56
        }
      ]
    },
    {
      "text" : "I want to booking a fly from Ho Chi Minh to Hanoi tomorrow",
      "entities" : [
        {
          "entity" : "intent",
          "value" : "\"booking\""
        },
        {
          "entity" : "location",
          "value" : "\"Ho Chi Minh\"",
          "start" : 29,
          "end" : 40
        },
        {
          "entity" : "location",
          "value" : "\"Hanoi\"",
          "start" : 44,
          "end" : 49
        },
        {
          "entity" : "datetime",
          "value" : "\"2017-01-02T00:00:00.000+07:00\"",
          "start" : 50,
          "end" : 58
        }
      ]
    },
    {
      "text" : "I want to booking a fly from HoChiMinh to Hanoi tomorrow",
      "entities" : [
        {
          "entity" : "intent",
          "value" : "\"booking\""
        },
        {
          "entity" : "location",
          "value" : "\"HoChiMinh\"",
          "start" : 29,
          "end" : 38
        },
        {
          "entity" : "location",
          "value" : "\"Hanoi\"",
          "start" : 42,
          "end" : 47
        },
        {
          "entity" : "datetime",
          "value" : "\"2017-01-02T00:00:00.000+07:00\"",
          "start" : 48,
          "end" : 56
        }
      ]
    },
    {
      "text" : "I want to booking a fly from New Delhi to HoChiMinh tomorrow",
      "entities" : [
        {
          "entity" : "intent",
          "value" : "\"booking\""
        },
        {
          "entity" : "location",
          "value" : "\"New Delhi\"",
          "start" : 29,
          "end" : 38
        },
        {
          "entity" : "location",
          "value" : "\"HoChiMinh\"",
          "start" : 42,
          "end" : 51
        },
        {
          "entity" : "datetime",
          "value" : "\"2017-01-02T00:00:00.000+07:00\"",
          "start" : 52,
          "end" : 60
        }
      ]
    },
    {
      "text" : "I want to booking a fly to Ho Chi Minh from Hanoi today",
      "entities" : [
        {
          "entity" : "intent",
          "value" : "\"booking\""
        },
        {
          "entity" : "location",
          "value" : "\"Ho Chi Minh\"",
          "start" : 27,
          "end" : 38
        },
        {
          "entity" : "location",
          "value" : "\"Hanoi\"",
          "start" : 44,
          "end" : 49
        },
        {
          "entity" : "datetime",
          "value" : "\"2016-12-29T00:00:00.000+07:00\"",
          "start" : 50,
          "end" : 55
        }
      ]
    },
    {
      "text" : "I want to booking a fly to Ho Chi Minh from Hanoi tomorrow",
      "entities" : [
        {
          "entity" : "intent",
          "value" : "\"booking\""
        },
        {
          "entity" : "location",
          "value" : "\"Ho Chi Minh\"",
          "start" : 27,
          "end" : 38
        },
        {
          "entity" : "location",
          "value" : "\"Hanoi\"",
          "start" : 44,
          "end" : 49
        },
        {
          "entity" : "datetime",
          "value" : "\"2017-01-02T00:00:00.000+07:00\"",
          "start" : 50,
          "end" : 58
        }
      ]
    },
    {
      "text" : "I want to booking flight",
      "entities" : [
        {
          "entity" : "intent",
          "value" : "\"booking\""
        }
      ]
    },
    {
      "text" : "I want to booking flight from Hanoi",
      "entities" : [
        {
          "entity" : "intent",
          "value" : "\"booking\""
        },
        {
          "entity" : "location",
          "value" : "\"Hanoi\"",
          "start" : 30,
          "end" : 35
        }
      ]
    },
    {
      "text" : "I want to booking flight from Hanoi to Ho Chi Minh tomorrow",
      "entities" : [
        {
          "entity" : "intent",
          "value" : "\"booking\""
        },
        {
          "entity" : "location",
          "value" : "\"Hanoi\"",
          "start" : 30,
          "end" : 35
        },
        {
          "entity" : "location",
          "value" : "\"Ho Chi Minh\"",
          "start" : 39,
          "end" : 50
        },
        {
          "entity" : "datetime",
          "value" : "\"2017-01-03T00:00:00.000+07:00\"",
          "start" : 51,
          "end" : 59
        }
      ]
    },
    {
      "text" : "I want to booking flight to NewYord",
      "entities" : [
        {
          "entity" : "intent",
          "value" : "\"booking\""
        },
        {
          "entity" : "location",
          "value" : "\"NewYord\"",
          "start" : 28,
          "end" : 35
        }
      ]
    },
    {
      "text" : "I want to booking for a flight",
      "entities" : [
        {
          "entity" : "intent",
          "value" : "\"booking\""
        }
      ]
    },
    {
      "text" : "I want to booking the flight",
      "entities" : [
        {
          "entity" : "intent",
          "value" : "\"booking\""
        }
      ]
    },
    {
      "text" : "I want to booking ticket",
      "entities" : [
        {
          "entity" : "intent",
          "value" : "\"booking\""
        }
      ]
    },
    {
      "text" : "I want to booking to flight from Hanoi",
      "entities" : [
        {
          "entity" : "intent",
          "value" : "\"booking\""
        },
        {
          "entity" : "location",
          "value" : "\"Hanoi\"",
          "start" : 33,
          "end" : 38
        }
      ]
    },
    {
      "text" : "I want to booking to flight from Hanoi to Ho Chi Minh today",
      "entities" : [
        {
          "entity" : "intent",
          "value" : "\"booking\""
        },
        {
          "entity" : "location",
          "value" : "\"Hanoi\"",
          "start" : 33,
          "end" : 38
        },
        {
          "entity" : "location",
          "value" : "\"Ho Chi Minh\"",
          "start" : 42,
          "end" : 53
        },
        {
          "entity" : "datetime",
          "value" : "\"2017-01-17T00:00:00.000+07:00\"",
          "start" : 54,
          "end" : 59
        }
      ]
    },
    {
      "text" : "I want to change my seat to 10A",
      "entities" : [
        {
          "entity" : "seat_number",
          "value" : "\"10A\"",
          "start" : 28,
          "end" : 31
        }
      ]
    },
    {
      "text" : "I want to change my seat to 10B",
      "entities" : [
        {
          "entity" : "seat_number",
          "value" : "\"10B\"",
          "start" : 28,
          "end" : 31
        }
      ]
    },
    {
      "text" : "I want to change my seat to 8F",
      "entities" : [
        {
          "entity" : "seat_number",
          "value" : "\"8F\"",
          "start" : 28,
          "end" : 30
        }
      ]
    },
    {
      "text" : "I want to flight from Hanoi",
      "entities" : [
        {
          "entity" : "intent",
          "value" : "\"booking\""
        },
        {
          "entity" : "location",
          "value" : "\"Hanoi\"",
          "start" : 22,
          "end" : 27
        }
      ]
    },
    {
      "text" : "I want to get my boarding pass",
      "entities" : [
        {
          "entity" : "intent",
          "value" : "\"booking\""
        }
      ]
    },
    {
      "text" : "I want to go to Hanoi",
      "entities" : [
        {
          "entity" : "intent",
          "value" : "\"booking\""
        },
        {
          "entity" : "location",
          "value" : "\"Hanoi\"",
          "start" : 16,
          "end" : 21
        }
      ]
    },
    {
      "text" : "I want to go to Ho Chi Minh",
      "entities" : [
        {
          "entity" : "intent",
          "value" : "\"booking\""
        },
        {
          "entity" : "location",
          "value" : "\"Ho Chi Minh\"",
          "start" : 16,
          "end" : 27
        }
      ]
    },
    {
      "text" : "I want to go to Ho Chi Minh from Hanoi",
      "entities" : [
        {
          "entity" : "intent",
          "value" : "\"booking\""
        },
        {
          "entity" : "location",
          "value" : "\"Ho Chi Minh\"",
          "start" : 16,
          "end" : 27
        },
        {
          "entity" : "location",
          "value" : "\"Hanoi\"",
          "start" : 33,
          "end" : 38
        }
      ]
    },
    {
      "text" : "I want to go to Ho Chi Minh from Hanoi today",
      "entities" : [
        {
          "entity" : "intent",
          "value" : "\"booking\""
        },
        {
          "entity" : "location",
          "value" : "\"Ho Chi Minh\"",
          "start" : 16,
          "end" : 27
        },
        {
          "entity" : "location",
          "value" : "\"Hanoi\"",
          "start" : 33,
          "end" : 38
        },
        {
          "entity" : "datetime",
          "value" : "\"2017-01-02T00:00:00.000+07:00\"",
          "start" : 39,
          "end" : 44
        }
      ]
    },
    {
      "text" : "I want to go to Ho Chi Minh from Hanoi tomorrow",
      "entities" : [
        {
          "entity" : "intent",
          "value" : "\"booking\""
        },
        {
          "entity" : "location",
          "value" : "\"Ho Chi Minh\"",
          "start" : 16,
          "end" : 27
        },
        {
          "entity" : "location",
          "value" : "\"Hanoi\"",
          "start" : 33,
          "end" : 38
        },
        {
          "entity" : "datetime",
          "value" : "\"2017-01-01T00:00:00.000+07:00\"",
          "start" : 39,
          "end" : 47
        }
      ]
    },
    {
      "text" : "I want to go to HoChiMinh",
      "entities" : [
        {
          "entity" : "intent",
          "value" : "\"booking\""
        },
        {
          "entity" : "location",
          "value" : "\"HoChiMinh\"",
          "start" : 16,
          "end" : 25
        }
      ]
    },
    {
      "text" : "I want to go to HoChiMinh from Hanoi today",
      "entities" : [
        {
          "entity" : "intent",
          "value" : "\"booking\""
        },
        {
          "entity" : "location",
          "value" : "\"HoChiMinh\"",
          "start" : 16,
          "end" : 25
        },
        {
          "entity" : "location",
          "value" : "\"Hanoi\"",
          "start" : 31,
          "end" : 36
        },
        {
          "entity" : "datetime",
          "value" : "\"2016-12-29T00:00:00.000+07:00\"",
          "start" : 37,
          "end" : 42
        }
      ]
    },
    {
      "text" : "I want to go to Singapore from Hanoi today",
      "entities" : [
        {
          "entity" : "intent",
          "value" : "\"booking\""
        },
        {
          "entity" : "location",
          "value" : "\"Singapore\"",
          "start" : 16,
          "end" : 25
        },
        {
          "entity" : "location",
          "value" : "\"Hanoi\"",
          "start" : 31,
          "end" : 36
        },
        {
          "entity" : "datetime",
          "value" : "\"2017-01-11T00:00:00.000+07:00\"",
          "start" : 37,
          "end" : 42
        }
      ]
    },
    {
      "text" : "I want to go to Singapore from Hanoi tomorrow",
      "entities" : [
        {
          "entity" : "intent",
          "value" : "\"booking\""
        },
        {
          "entity" : "location",
          "value" : "\"Singapore\"",
          "start" : 16,
          "end" : 25
        },
        {
          "entity" : "location",
          "value" : "\"Hanoi\"",
          "start" : 31,
          "end" : 36
        },
        {
          "entity" : "datetime",
          "value" : "\"2017-01-11T00:00:00.000+07:00\"",
          "start" : 37,
          "end" : 45
        }
      ]
    },
    {
      "text" : "I would like to change my seat to 11K",
      "entities" : [
        {
          "entity" : "seat_number",
          "value" : "\"11K\"",
          "start" : 34,
          "end" : 37
        }
      ]
    },
    {
      "text" : "I would like to change my seat to 31B",
      "entities" : [
        {
          "entity" : "seat_number",
          "value" : "\"31B\"",
          "start" : 34,
          "end" : 37
        }
      ]
    },
    {
      "text" : "Is it rain in Hanoi",
      "entities" : [
        {
          "entity" : "intent",
          "value" : "\"weather\""
        },
        {
          "entity" : "location",
          "value" : "\"Hanoi\"",
          "start" : 14,
          "end" : 19
        }
      ]
    },
    {
      "text" : "Jan 11",
      "entities" : [
        {
          "entity" : "datetime",
          "value" : "\"2017-01-11T00:00:00.000+07:00\"",
          "start" : 0,
          "end" : 6
        }
      ]
    },
    {
      "text" : "London",
      "entities" : [
        {
          "entity" : "location",
          "value" : "\"London\"",
          "start" : 0,
          "end" : 6
        }
      ]
    },
    {
      "text" : "My current location are 112.712857175 and 102.3827591275",
      "entities" : [
        {
          "entity" : "number",
          "value" : "112.712857175",
          "start" : 24,
          "end" : 37
        },
        {
          "entity" : "number",
          "value" : "18.712857175",
          "start" : 42,
          "end" : 56
        }
      ]
    },
    {
      "text" : "My current location are 12.92859125 and 102.2129851",
      "entities" : [
        {
          "entity" : "number",
          "value" : "12.92859125",
          "start" : 24,
          "end" : 35
        },
        {
          "entity" : "number",
          "value" : "\"102.2129851\"",
          "start" : 40,
          "end" : 51
        }
      ]
    },
    {
      "text" : "My current location are 18.702466728806 and 105.67727983753",
      "entities" : [
        {
          "entity" : "number",
          "value" : "18.702466728806",
          "start" : 24,
          "end" : 39
        },
        {
          "entity" : "number",
          "value" : "105.67727983753",
          "start" : 44,
          "end" : 59
        }
      ]
    },
    {
      "text" : "My current location are 18.702478303459 and 105.67722467378",
      "entities" : [
        {
          "entity" : "number",
          "value" : "18.702478303459",
          "start" : 24,
          "end" : 39
        },
        {
          "entity" : "location",
          "value" : "\"105.67722467378\"",
          "start" : 44,
          "end" : 59
        }
      ]
    },
    {
      "text" : "My current location are 18.7025192 and 105.6774086",
      "entities" : [
        {
          "entity" : "number",
          "value" : "18.7025192",
          "start" : 24,
          "end" : 34
        },
        {
          "entity" : "number",
          "value" : "105.6774086",
          "start" : 39,
          "end" : 50
        }
      ]
    },
    {
      "text" : "My current location are 18.71285712412 and 110.2419241242",
      "entities" : [
        {
          "entity" : "number",
          "value" : "18.71285712412",
          "start" : 24,
          "end" : 38
        },
        {
          "entity" : "number",
          "value" : "110.2419241242",
          "start" : 43,
          "end" : 57
        }
      ]
    },
    {
      "text" : "My current location are 18.712857175 and 102.3827591275",
      "entities" : [
        {
          "entity" : "number",
          "value" : "\"18.712857175\"",
          "start" : 24,
          "end" : 36
        },
        {
          "entity" : "number",
          "value" : "\"102.3827591275\"",
          "start" : 41,
          "end" : 55
        }
      ]
    },
    {
      "text" : "My current location are 18.712857175 and 112.1212546236",
      "entities" : [
        {
          "entity" : "number",
          "value" : "18.712857175",
          "start" : 24,
          "end" : 36
        },
        {
          "entity" : "number",
          "value" : "112.1212546236",
          "start" : 41,
          "end" : 55
        }
      ]
    },
    {
      "text" : "My current location is 18.689586093562 and 105.67478656769",
      "entities" : [
        {
          "entity" : "number",
          "value" : "\"18.689586093562\"",
          "start" : 23,
          "end" : 38
        },
        {
          "entity" : "number",
          "value" : "\"105.67478656769\"",
          "start" : 43,
          "end" : 58
        }
      ]
    },
    {
      "text" : "My current location is 18.7024652 and 105.6774676",
      "entities" : [
        {
          "entity" : "number",
          "value" : "\"18.7024652\"",
          "start" : 23,
          "end" : 33
        },
        {
          "entity" : "number",
          "value" : "\"105.6774676\"",
          "start" : 38,
          "end" : 49
        }
      ]
    },
    {
      "text" : "My current location is 18.7024688 and undefined",
      "entities" : [
        {
          "entity" : "local_search_query",
          "value" : "\"18.7024688\"",
          "start" : 23,
          "end" : 33
        }
      ]
    },
    {
      "text" : "My current location is 18.7024828 and 105.6774365",
      "entities" : [
        {
          "entity" : "number",
          "value" : "18.7024828",
          "start" : 23,
          "end" : 33
        },
        {
          "entity" : "number",
          "value" : "105.6774365",
          "start" : 38,
          "end" : 49
        }
      ]
    },
    {
      "text" : "My current location is 18.7024855 and 105.6774695",
      "entities" : [
        {
          "entity" : "number",
          "value" : "18.7024855",
          "start" : 23,
          "end" : 33
        },
        {
          "entity" : "number",
          "value" : "105.6774695",
          "start" : 38,
          "end" : 49
        }
      ]
    },
    {
      "text" : "My current location is 18.7024879 and undefined",
      "entities" : [
        {
          "entity" : "number",
          "value" : "18.7024879",
          "start" : 23,
          "end" : 33
        }
      ]
    },
    {
      "text" : "My current location is 18.7024894 and 105.6774725",
      "entities" : [
        {
          "entity" : "number",
          "value" : "18.7024894",
          "start" : 23,
          "end" : 33
        },
        {
          "entity" : "number",
          "value" : "105.6774725",
          "start" : 38,
          "end" : 49
        }
      ]
    },
    {
      "text" : "My current location is 18.7024929 and 105.6774693",
      "entities" : [
        {
          "entity" : "number",
          "value" : "18.7024929",
          "start" : 23,
          "end" : 33
        },
        {
          "entity" : "number",
          "value" : "105.6774693",
          "start" : 38,
          "end" : 49
        }
      ]
    },
    {
      "text" : "My current location is 18.7024965 and 105.6774441",
      "entities" : [
        {
          "entity" : "number",
          "value" : "18.7024965",
          "start" : 23,
          "end" : 33
        },
        {
          "entity" : "number",
          "value" : "105.6774441",
          "start" : 38,
          "end" : 49
        }
      ]
    },
    {
      "text" : "My current location is 18.7025075 and undefined",
      "entities" : [
        {
          "entity" : "number",
          "value" : "18.7025075",
          "start" : 23,
          "end" : 33
        }
      ]
    },
    {
      "text" : "My current location is 18.7025116 and 105.677408",
      "entities" : [
        {
          "entity" : "number",
          "value" : "18.7025116",
          "start" : 23,
          "end" : 33
        },
        {
          "entity" : "number",
          "value" : "105.677408",
          "start" : 38,
          "end" : 48
        }
      ]
    },
    {
      "text" : "My current location is 18.7025268 and 105.6773964",
      "entities" : [
        {
          "entity" : "number",
          "value" : "\"18.7025268\"",
          "start" : 23,
          "end" : 33
        },
        {
          "entity" : "number",
          "value" : "\"105.6773964\"",
          "start" : 38,
          "end" : 49
        }
      ]
    },
    {
      "text" : "My current location is 18.7025364 and 105.6774161",
      "entities" : [
        {
          "entity" : "number",
          "value" : "\"18.7025364\"",
          "start" : 23,
          "end" : 33
        },
        {
          "entity" : "number",
          "value" : "\"105.6774161\"",
          "start" : 38,
          "end" : 49
        }
      ]
    },
    {
      "text" : "My location are -13.7827344 and 72.1241842",
      "entities" : [
        {
          "entity" : "number",
          "value" : "\"-13.7827344\"",
          "start" : 16,
          "end" : 27
        },
        {
          "entity" : "number",
          "value" : "72.1241842",
          "start" : 32,
          "end" : 42
        }
      ]
    },
    {
      "text" : "My location are 98.0824252 and -13.7467285",
      "entities" : [
        {
          "entity" : "number",
          "value" : "98.0824252",
          "start" : 16,
          "end" : 26
        },
        {
          "entity" : "number",
          "value" : "-13.7467285",
          "start" : 31,
          "end" : 42
        }
      ]
    },
    {
      "text" : "My location are 98.2897262 and 102.7629392",
      "entities" : [
        {
          "entity" : "number",
          "value" : "98.2897262",
          "start" : 16,
          "end" : 26
        },
        {
          "entity" : "number",
          "value" : "102.7629392",
          "start" : 31,
          "end" : 42
        }
      ]
    },
    {
      "text" : "No, I mean change my seat to 10C",
      "entities" : [
        {
          "entity" : "seat_number",
          "value" : "\"10C\"",
          "start" : 29,
          "end" : 32
        }
      ]
    },
    {
      "text" : "Please send me my boarding pass",
      "entities" : [
        {
          "entity" : "intent",
          "value" : "\"get boarding pass\""
        }
      ]
    },
    {
      "text" : "Please send me the boarding pass",
      "entities" : [
        {
          "entity" : "intent",
          "value" : "\"get boarding pass\""
        },
        {
          "entity" : "local_search_query",
          "value" : "\"boarding pass\"",
          "start" : 19,
          "end" : 32
        }
      ]
    },
    {
      "text" : "Resend me boarding pass",
      "entities" : [
        {
          "entity" : "intent",
          "value" : "\"get boarding pass\""
        },
        {
          "entity" : "local_search_query",
          "value" : "\"boarding pass\"",
          "start" : 10,
          "end" : 23
        }
      ]
    },
    {
      "text" : "SaiGon",
      "entities" : [
        {
          "entity" : "location",
          "value" : "\"SaiGon\"",
          "start" : 0,
          "end" : 6
        }
      ]
    },
    {
      "text" : "What is the weather",
      "entities" : [
        {
          "entity" : "intent",
          "value" : "\"weather\""
        }
      ]
    },
    {
      "text" : "What is the weather in Hanoi",
      "entities" : [
        {
          "entity" : "intent",
          "value" : "\"weather\""
        },
        {
          "entity" : "location",
          "value" : "\"Hanoi\"",
          "start" : 23,
          "end" : 28
        }
      ]
    },
    {
      "text" : "What is the weather in Hanoi?",
      "entities" : [
        {
          "entity" : "intent",
          "value" : "\"weather\""
        },
        {
          "entity" : "location",
          "value" : "\"Hanoi\"",
          "start" : 23,
          "end" : 28
        }
      ]
    },
    {
      "text" : "What is the weather today",
      "entities" : [
        {
          "entity" : "intent",
          "value" : "\"weather\""
        }
      ]
    },
    {
      "text" : "What is the weather today in Hanoi",
      "entities" : [
        {
          "entity" : "intent",
          "value" : "\"weather\""
        },
        {
          "entity" : "datetime",
          "value" : "\"2016-12-30T00:00:00.000+07:00\"",
          "start" : 20,
          "end" : 25
        },
        {
          "entity" : "location",
          "value" : "\"Hanoi\"",
          "start" : 29,
          "end" : 34
        }
      ]
    },
    {
      "text" : "What is the weather?",
      "entities" : [
        {
          "entity" : "intent",
          "value" : "\"weather\""
        }
      ]
    },
    {
      "text" : "What is weather today",
      "entities" : [
        {
          "entity" : "intent",
          "value" : "\"weather\""
        },
        {
          "entity" : "datetime",
          "value" : "\"2016-12-30T00:00:00.000+07:00\"",
          "start" : 16,
          "end" : 21
        }
      ]
    },
    {
      "text" : "What is weather today?",
      "entities" : [
        {
          "entity" : "intent",
          "value" : "\"weather\""
        },
        {
          "entity" : "datetime",
          "value" : "\"2016-12-30T00:00:00.000+07:00\"",
          "start" : 16,
          "end" : 21
        }
      ]
    },
    {
      "text" : "What is weather?",
      "entities" : [
        {
          "entity" : "intent",
          "value" : "\"weather\""
        }
      ]
    },
    {
      "text" : "What's the weather today",
      "entities" : [
        {
          "entity" : "intent",
          "value" : "\"weather\""
        }
      ]
    },
    {
      "text" : "What's weather in Hanoi",
      "entities" : [
        {
          "entity" : "intent",
          "value" : "\"weather\""
        },
        {
          "entity" : "location",
          "value" : "\"Hanoi\"",
          "start" : 18,
          "end" : 23
        }
      ]
    },
    {
      "text" : "at Dec 25",
      "entities" : [
        {
          "entity" : "datetime",
          "value" : "\"2016-12-25T00:00:00.000+07:00\"",
          "start" : 3,
          "end" : 9
        }
      ]
    },
    {
      "text" : "at tomorrow",
      "entities" : [
        {
          "entity" : "datetime",
          "value" : "\"2016-12-21T00:00:00.000+07:00\"",
          "start" : 3,
          "end" : 11
        }
      ]
    },
    {
      "text" : "booking the flight from Hanoi to Ho Chi Minh today",
      "entities" : [
        {
          "entity" : "intent",
          "value" : "\"booking\""
        },
        {
          "entity" : "location",
          "value" : "\"Hanoi\"",
          "start" : 24,
          "end" : 29
        },
        {
          "entity" : "location",
          "value" : "\"Ho Chi Minh\"",
          "start" : 33,
          "end" : 44
        },
        {
          "entity" : "datetime",
          "value" : "\"2017-01-01T00:00:00.000+07:00\"",
          "start" : 45,
          "end" : 50
        }
      ]
    },
    {
      "text" : "can i change my seat"
    },
    {
      "text" : "can you change my seat to 5D",
      "entities" : [
        {
          "entity" : "seat_number",
          "value" : "\"5D\"",
          "start" : 26,
          "end" : 28
        }
      ]
    },
    {
      "text" : "can you change my seat to 9B",
      "entities" : [
        {
          "entity" : "seat_number",
          "value" : "\"9B\"",
          "start" : 26,
          "end" : 28
        }
      ]
    },
    {
      "text" : "can you change my seat to 9C",
      "entities" : [
        {
          "entity" : "seat_number",
          "value" : "\"9C\"",
          "start" : 26,
          "end" : 28
        }
      ]
    },
    {
      "text" : "change to 10E",
      "entities" : [
        {
          "entity" : "seat_number",
          "value" : "\"10E\"",
          "start" : 10,
          "end" : 13
        }
      ]
    },
    {
      "text" : "find me some hotels near here",
      "entities" : [
        {
          "entity" : "intent",
          "value" : "\"find places\""
        },
        {
          "entity" : "local_search_query",
          "value" : "\"hotels\"",
          "start" : 13,
          "end" : 19
        },
        {
          "entity" : "location",
          "value" : "\"here\"",
          "start" : 25,
          "end" : 29
        }
      ]
    },
    {
      "text" : "find me the best restaurant in Paris",
      "entities" : [
        {
          "entity" : "intent",
          "value" : "\"find places\""
        },
        {
          "entity" : "local_search_query",
          "value" : "\"restaurant\"",
          "start" : 17,
          "end" : 27
        },
        {
          "entity" : "location",
          "value" : "\"Paris\"",
          "start" : 31,
          "end" : 36
        }
      ]
    },
    {
      "text" : "from Hanoi",
      "entities" : [
        {
          "entity" : "location",
          "value" : "\"Hanoi\"",
          "start" : 5,
          "end" : 10
        }
      ]
    },
    {
      "text" : "from Hanoi, Vietnam to Ho Chi Minh, Vietnam",
      "entities" : [
        {
          "entity" : "location",
          "value" : "\"Hanoi, Vietnam\"",
          "start" : 5,
          "end" : 19
        },
        {
          "entity" : "location",
          "value" : "\"Ho Chi Minh, Vietnam\"",
          "start" : 23,
          "end" : 43
        }
      ]
    },
    {
      "text" : "from Ho Chi Minh",
      "entities" : [
        {
          "entity" : "location",
          "value" : "\"Ho Chi Minh\"",
          "start" : 5,
          "end" : 16
        }
      ]
    },
    {
      "text" : "from Ho Chi Minh City",
      "entities" : [
        {
          "entity" : "location",
          "value" : "\"Ho Chi Minh City\"",
          "start" : 5,
          "end" : 21
        }
      ]
    },
    {
      "text" : "hanoi",
      "entities" : [
        {
          "entity" : "location",
          "value" : "\"hanoi\"",
          "start" : 0,
          "end" : 5
        }
      ]
    },
    {
      "text" : "hi",
      "entities" : [
        {
          "entity" : "intent",
          "value" : "\"greetings\""
        }
      ]
    },
    {
      "text" : "ho chi minh",
      "entities" : [
        {
          "entity" : "location",
          "value" : "\"ho chi minh\"",
          "start" : 0,
          "end" : 11
        }
      ]
    },
    {
      "text" : "hotel",
      "entities" : [
        {
          "entity" : "local_search_query",
          "value" : "\"hotel\"",
          "start" : 0,
          "end" : 5
        }
      ]
    },
    {
      "text" : "hotels",
      "entities" : [
        {
          "entity" : "local_search_query",
          "value" : "\"hotels\"",
          "start" : 0,
          "end" : 6
        }
      ]
    },
    {
      "text" : "i am looking for booking a flight",
      "entities" : [
        {
          "entity" : "intent",
          "value" : "\"booking\""
        }
      ]
    },
    {
      "text" : "in Hanoi",
      "entities" : [
        {
          "entity" : "location",
          "value" : "\"Hanoi\"",
          "start" : 3,
          "end" : 8
        }
      ]
    },
    {
      "text" : "in London",
      "entities" : [
        {
          "entity" : "location",
          "value" : "\"London\"",
          "start" : 3,
          "end" : 9
        }
      ]
    },
    {
      "text" : "in Nghe An",
      "entities" : [
        {
          "entity" : "location",
          "value" : "\"Nghe An\"",
          "start" : 3,
          "end" : 10
        }
      ]
    },
    {
      "text" : "in SaiGon",
      "entities" : [
        {
          "entity" : "location",
          "value" : "\"SaiGon\"",
          "start" : 3,
          "end" : 9
        }
      ]
    },
    {
      "text" : "the restaurant",
      "entities" : [
        {
          "entity" : "intent",
          "value" : "\"find places\""
        },
        {
          "entity" : "local_search_query",
          "value" : "\"restaurant\"",
          "start" : 4,
          "end" : 14
        }
      ]
    },
    {
      "text" : "to 10A",
      "entities" : [
        {
          "entity" : "seat_number",
          "value" : "\"10A\"",
          "start" : 3,
          "end" : 6
        }
      ]
    },
    {
      "text" : "to 10C",
      "entities" : [
        {
          "entity" : "seat_number",
          "value" : "\"10C\"",
          "start" : 3,
          "end" : 6
        }
      ]
    },
    {
      "text" : "to 10E",
      "entities" : [
        {
          "entity" : "seat_number",
          "value" : "\"10E\"",
          "start" : 3,
          "end" : 6
        }
      ]
    },
    {
      "text" : "to 12C",
      "entities" : [
        {
          "entity" : "seat_number",
          "value" : "\"12C\"",
          "start" : 3,
          "end" : 6
        }
      ]
    },
    {
      "text" : "to 5A",
      "entities" : [
        {
          "entity" : "seat_number",
          "value" : "\"5A\"",
          "start" : 3,
          "end" : 5
        }
      ]
    },
    {
      "text" : "to Hanoi",
      "entities" : [
        {
          "entity" : "location",
          "value" : "\"Hanoi\"",
          "start" : 3,
          "end" : 8
        }
      ]
    },
    {
      "text" : "to Ho Chi Minh",
      "entities" : [
        {
          "entity" : "location",
          "value" : "\"Ho Chi Minh\"",
          "start" : 3,
          "end" : 14
        }
      ]
    },
    {
      "text" : "to Ho Chi Minh City",
      "entities" : [
        {
          "entity" : "location",
          "value" : "\"Ho Chi Minh City\"",
          "start" : 3,
          "end" : 19
        }
      ]
    },
    {
      "text" : "to HoChiMinh",
      "entities" : [
        {
          "entity" : "location",
          "value" : "\"HoChiMinh\"",
          "start" : 3,
          "end" : 12
        }
      ]
    },
    {
      "text" : "to Singapore",
      "entities" : [
        {
          "entity" : "location",
          "value" : "\"Singapore\"",
          "start" : 3,
          "end" : 12
        }
      ]
    },
    {
      "text" : "today",
      "entities" : [
        {
          "entity" : "datetime",
          "value" : "\"2016-12-29T00:00:00.000+07:00\"",
          "start" : 0,
          "end" : 5
        }
      ]
    },
    {
      "text" : "tomorrow",
      "entities" : [
        {
          "entity" : "datetime",
          "value" : "\"2016-12-21T00:00:00.000+07:00\"",
          "start" : 0,
          "end" : 8
        }
      ]
    },
    {
      "text" : "what is the weather",
      "entities" : [
        {
          "entity" : "intent",
          "value" : "\"weather\""
        }
      ]
    },
    {
      "text" : "what is the weather in Hanoi",
      "entities" : [
        {
          "entity" : "intent",
          "value" : "\"weather\""
        },
        {
          "entity" : "location",
          "value" : "\"Hanoi\"",
          "start" : 23,
          "end" : 28
        }
      ]
    },
    {
      "text" : "what is the weather today in Hanoi",
      "entities" : [
        {
          "entity" : "intent",
          "value" : "\"weather\""
        },
        {
          "entity" : "datetime",
          "value" : "\"2016-12-30T00:00:00.000+07:00\"",
          "start" : 20,
          "end" : 25
        },
        {
          "entity" : "location",
          "value" : "\"Hanoi\"",
          "start" : 29,
          "end" : 34
        }
      ]
    }
  ]
}