{
  "data" : [
    {
      "name" : "",
      "turns" : [
        {
          "user" : "I am looking for a booking a flight to Singapore from Hanoi tomorrow",
          "entities" : [
            {
              "entity" : "intent",
              "value" : "\"booking\""
            },
            {
              "entity" : "location",
              "value" : "\"Singapore\"",
              "start" : 39,
              "end" : 48
            },
            {
              "entity" : "location",
              "value" : "\"Hanoi\"",
              "start" : 54,
              "end" : 59
            },
            {
              "entity" : "datetime",
              "value" : "\"2016-12-21T00:00:00.000+07:00\"",
              "start" : 60,
              "end" : 68
            }
          ],
          "operations" : [
            {
              "bookmark" : "bShowBookingTicket"
            },
            {
              "action" : "function-showBookingTicket"
            },
            {
              "branches" : [
                {
                  "predicates" : [
                    {
                      "name" : "bookingTicket",
                      "negative" : false
                    }
                  ],
                  "operations" : [ ]
                },
                {
                  "predicates" : [
                    {
                      "name" : "missingFrom",
                      "negative" : false
                    }
                  ],
                  "operations" : [
                    {
                      "action" : "template-Where do you want to fly from?"
                    }
                  ],
                  "turns" : [
                    {
                      "user" : "from Hanoi",
                      "entities" : [
                        {
                          "entity" : "location",
                          "value" : "\"Hanoi\"",
                          "start" : 5,
                          "end" : 10
                        }
                      ],
                      "operations" : [
                        {
                          "jump" : "bShowBookingTicket"
                        }
                      ]
                    }
                  ]
                },
                {
                  "predicates" : [
                    {
                      "name" : "missingTo",
                      "negative" : false
                    }
                  ],
                  "operations" : [
                    {
                      "action" : "template-Where do you want to fly to?"
                    }
                  ],
                  "turns" : [
                    {
                      "user" : "to Singapore",
                      "entities" : [
                        {
                          "entity" : "location",
                          "value" : "\"Singapore\"",
                          "start" : 3,
                          "end" : 12
                        }
                      ],
                      "operations" : [
                        {
                          "jump" : "bShowBookingTicket"
                        }
                      ]
                    }
                  ]
                },
                {
                  "predicates" : [
                    {
                      "name" : "missingTime",
                      "negative" : false
                    }
                  ],
                  "operations" : [
                    {
                      "action" : "template-When do you want to fly?"
                    }
                  ],
                  "turns" : [
                    {
                      "user" : "Dec 25",
                      "entities" : [
                        {
                          "entity" : "datetime",
                          "value" : "\"2016-12-25T00:00:00.000+07:00\"",
                          "start" : 0,
                          "end" : 6
                        }
                      ],
                      "operations" : [
                        {
                          "jump" : "bShowBookingTicket"
                        }
                      ]
                    }
                  ]
                }
              ]
            }
          ]
        }
      ]
    },
    {
      "name" : "",
      "turns" : [
        {
          "user" : "What is the weather in Hanoi",
          "entities" : [
            {
              "entity" : "intent",
              "value" : "\"weather\""
            },
            {
              "entity" : "location",
              "value" : "\"Hanoi\"",
              "start" : 23,
              "end" : 28
            }
          ],
          "operations" : [
            {
              "bookmark" : "bmForecast"
            },
            {
              "action" : "function-getForecast"
            },
            {
              "branches" : [
                {
                  "predicates" : [
                    {
                      "name" : "forecast",
                      "negative" : false
                    }
                  ],
                  "operations" : [
                    {
                      "action" : "template-The weather will be {forecast}"
                    }
                  ]
                },
                {
                  "predicates" : [
                    {
                      "name" : "missingLocation",
                      "negative" : false
                    }
                  ],
                  "operations" : [
                    {
                      "action" : "template-Where?"
                    }
                  ],
                  "turns" : [
                    {
                      "user" : "in Hanoi",
                      "entities" : [
                        {
                          "entity" : "location",
                          "value" : "\"Hanoi\"",
                          "start" : 3,
                          "end" : 8
                        }
                      ],
                      "operations" : [
                        {
                          "jump" : "bmForecast"
                        }
                      ]
                    }
                  ]
                }
              ]
            }
          ]
        }
      ]
    },
    {
      "name" : "",
      "turns" : [
        {
          "user" : "Can you change my seat to 13B",
          "entities" : [
            {
              "entity" : "intent",
              "value" : "\"seat\""
            },
            {
              "entity" : "seat_number",
              "value" : "\"13B\"",
              "start" : 26,
              "end" : 29
            }
          ],
          "operations" : [
            {
              "bookmark" : "bChangeSeat"
            },
            {
              "action" : "function-changeSeat"
            },
            {
              "branches" : [
                {
                  "predicates" : [
                    {
                      "name" : "changedSeat",
                      "negative" : false
                    }
                  ],
                  "operations" : [
                    {
                      "action" : "template-Sure, your seat has been changed"
                    }
                  ]
                },
                {
                  "predicates" : [
                    {
                      "name" : "missingSeatNumber",
                      "negative" : false
                    }
                  ],
                  "operations" : [
                    {
                      "action" : "template-What seat number do you want to change to?"
                    }
                  ],
                  "turns" : [
                    {
                      "user" : "12C",
                      "entities" : [
                        {
                          "entity" : "seat_number",
                          "value" : "\"12C\"",
                          "start" : 0,
                          "end" : 3
                        }
                      ],
                      "operations" : [
                        {
                          "jump" : "bChangeSeat"
                        }
                      ]
                    }
                  ]
                },
                {
                  "predicates" : [
                    {
                      "name" : "invalidSeat",
                      "negative" : false
                    }
                  ],
                  "operations" : [
                    {
                      "action" : "template-Hmm, your seat is not exist. Could you check and tell me another one?"
                    }
                  ],
                  "turns" : [
                    {
                      "user" : "10E",
                      "entities" : [
                        {
                          "entity" : "seat_number",
                          "value" : "\"10E\"",
                          "start" : 0,
                          "end" : 3
                        }
                      ],
                      "operations" : [
                        {
                          "jump" : "bChangeSeat"
                        }
                      ]
                    }
                  ]
                },
                {
                  "predicates" : [
                    {
                      "name" : "belongToOther",
                      "negative" : false
                    }
                  ],
                  "operations" : [
                    {
                      "action" : "template-Hmm, this seat was belong to another pessenger. Could you check and tell me another one?"
                    }
                  ],
                  "turns" : [
                    {
                      "user" : "10E",
                      "entities" : [
                        {
                          "entity" : "seat_number",
                          "value" : "\"10E\"",
                          "start" : 0,
                          "end" : 3
                        }
                      ],
                      "operations" : [
                        {
                          "jump" : "bChangeSeat"
                        }
                      ]
                    }
                  ]
                },
                {
                  "predicates" : [
                    {
                      "name" : "noBooking",
                      "negative" : false
                    }
                  ],
                  "operations" : [
                    {
                      "action" : "template-I have found that you have no booking available or you haven't checked in yet. So, I can not help you to change a seat. Sorry."
                    }
                  ]
                }
              ]
            }
          ]
        }
      ]
    },
    {
      "name" : "",
      "turns" : [
        {
          "user" : "Could you find the hotels in Paris",
          "entities" : [
            {
              "entity" : "intent",
              "value" : "\"find places\""
            },
            {
              "entity" : "local_search_query",
              "value" : "\"hotels\"",
              "start" : 19,
              "end" : 25
            },
            {
              "entity" : "location",
              "value" : "\"Paris\"",
              "start" : 29,
              "end" : 34
            }
          ],
          "operations" : [
            {
              "bookmark" : "bGetPlaces"
            },
            {
              "action" : "function-getPlaces"
            },
            {
              "branches" : [
                {
                  "predicates" : [
                    {
                      "name" : "foundPlaces",
                      "negative" : false
                    }
                  ],
                  "operations" : [
                    {
                      "action" : "template-I have found somethings for you."
                    }
                  ]
                },
                {
                  "predicates" : [
                    {
                      "name" : "missingLocation",
                      "negative" : false
                    }
                  ],
                  "operations" : [
                    {
                      "action" : "template-Where do you want to find?"
                    }
                  ],
                  "turns" : [
                    {
                      "user" : "near Cau Giay",
                      "entities" : [
                        {
                          "entity" : "location",
                          "value" : "\"Cau Giay\"",
                          "start" : 5,
                          "end" : 13
                        }
                      ],
                      "operations" : [
                        {
                          "jump" : "bGetPlaces"
                        }
                      ]
                    }
                  ]
                },
                {
                  "predicates" : [
                    {
                      "name" : "requireCurrentLocation",
                      "negative" : false
                    }
                  ],
                  "operations" : [
                    {
                      "action" : "function-getCurrentLocation"
                    }
                  ],
                  "turns" : [
                    {
                      "user" : "My current location are 18.712857175 and 102.3827591275",
                      "entities" : [
                        {
                          "entity" : "number",
                          "value" : "\"18.712857175\"",
                          "start" : 24,
                          "end" : 36
                        },
                        {
                          "entity" : "number",
                          "value" : "\"102.3827591275\"",
                          "start" : 41,
                          "end" : 55
                        }
                      ],
                      "operations" : [
                        {
                          "jump" : "bGetPlaces"
                        }
                      ]
                    }
                  ]
                },
                {
                  "predicates" : [
                    {
                      "name" : "missingQuery",
                      "negative" : false
                    }
                  ],
                  "operations" : [
                    {
                      "action" : "template-What do you want to search (hotel, restaurant, etc.)?"
                    }
                  ],
                  "turns" : [
                    {
                      "user" : "the restaurant",
                      "entities" : [
                        {
                          "entity" : "intent",
                          "value" : "\"find places\""
                        },
                        {
                          "entity" : "local_search_query",
                          "value" : "\"restaurant\"",
                          "start" : 4,
                          "end" : 14
                        }
                      ],
                      "operations" : [
                        {
                          "jump" : "bGetPlaces"
                        }
                      ]
                    }
                  ]
                }
              ]
            }
          ]
        }
      ]
    },
    {
      "name" : "",
      "turns" : [
        {
          "user" : "Please send me my boarding pass",
          "entities" : [
            {
              "entity" : "intent",
              "value" : "\"get boarding pass\""
            }
          ],
          "operations" : [
            {
              "action" : "function-getBoardingPass"
            },
            {
              "branches" : [
                {
                  "predicates" : [
                    {
                      "name" : "sendBoardingPass",
                      "negative" : false
                    }
                  ],
                  "operations" : [ ]
                },
                {
                  "predicates" : [
                    {
                      "name" : "noBoardingPass",
                      "negative" : false
                    }
                  ],
                  "operations" : [
                    {
                      "action" : "template-It seem to be a bit of confusion, I could not find any valid boarding pass for you currently. I am sorry about inconvinient."
                    }
                  ]
                }
              ]
            }
          ]
        }
      ]
    }
  ]
}