{
  "data" : {
    "lookups" : [
      "trait"
    ],
    "name" : "intent",
    "lang" : "en",
    "exotic" : false,
    "id" : "intent",
    "values" : [
      {
        "value" : "booking"
      },
      {
        "value" : "find places"
      },
      {
        "value" : "get boarding pass"
      },
      {
        "value" : "greetings"
      },
      {
        "value" : "seat"
      },
      {
        "value" : "weather"
      }
    ],
    "doc" : "User-defined entity",
    "builtin" : false
  }
}