{
  "data" : {
    "lookups" : [
      "free-text",
      "keywords"
    ],
    "name" : "seat_number",
    "lang" : "en",
    "exotic" : false,
    "id" : "seat_number",
    "values" : [
      {
        "value" : "10 B",
        "expressions" : [
          "10 B"
        ]
      },
      {
        "value" : "10A",
        "expressions" : [
          "10A"
        ]
      },
      {
        "value" : "10B",
        "expressions" : [
          "10B"
        ]
      },
      {
        "value" : "10C",
        "expressions" : [
          "10C"
        ]
      },
      {
        "value" : "10E",
        "expressions" : [
          "10E"
        ]
      },
      {
        "value" : "10E",
        "expressions" : [
          "10E"
        ]
      },
      {
        "value" : "11C",
        "expressions" : [
          "11C"
        ]
      },
      {
        "value" : "11K",
        "expressions" : [
          "11K"
        ]
      },
      {
        "value" : "12C",
        "expressions" : [
          "12C"
        ]
      },
      {
        "value" : "13A",
        "expressions" : [
          "13A"
        ]
      },
      {
        "value" : "13B",
        "expressions" : [
          "13B"
        ]
      },
      {
        "value" : "13F",
        "expressions" : [
          "13F"
        ]
      },
      {
        "value" : "15A",
        "expressions" : [
          "15A"
        ]
      },
      {
        "value" : "15B",
        "expressions" : [
          "15B"
        ]
      },
      {
        "value" : "15C",
        "expressions" : [
          "15C"
        ]
      },
      {
        "value" : "15F",
        "expressions" : [
          "15F"
        ]
      },
      {
        "value" : "15G",
        "expressions" : [
          "15G"
        ]
      },
      {
        "value" : "20B",
        "expressions" : [
          "20B"
        ]
      },
      {
        "value" : "29A",
        "expressions" : [
          "29A"
        ]
      },
      {
        "value" : "31B",
        "expressions" : [
          "31B"
        ]
      },
      {
        "value" : "3B",
        "expressions" : [
          "3B"
        ]
      },
      {
        "value" : "3C",
        "expressions" : [
          "3C"
        ]
      },
      {
        "value" : "3D",
        "expressions" : [
          "3D"
        ]
      },
      {
        "value" : "5A",
        "expressions" : [
          "5A"
        ]
      },
      {
        "value" : "5B",
        "expressions" : [
          "5B"
        ]
      },
      {
        "value" : "5C",
        "expressions" : [
          "5C"
        ]
      },
      {
        "value" : "5D",
        "expressions" : [
          "5D"
        ]
      },
      {
        "value" : "5E",
        "expressions" : [
          "5E"
        ]
      },
      {
        "value" : "5F",
        "expressions" : [
          "5F"
        ]
      },
      {
        "value" : "7D",
        "expressions" : [
          "7D"
        ]
      },
      {
        "value" : "8F",
        "expressions" : [
          "8F"
        ]
      },
      {
        "value" : "9B",
        "expressions" : [
          "9B"
        ]
      },
      {
        "value" : "9C",
        "expressions" : [
          "9C"
        ]
      },
      {
        "value" : "9D",
        "expressions" : [
          "9D"
        ]
      },
      {
        "value" : "9E",
        "expressions" : [
          "9E"
        ]
      },
      {
        "value" : "A15",
        "expressions" : [
          "A15"
        ]
      }
    ],
    "doc" : "User-defined entity",
    "builtin" : false
  }
}